"#","Where","Key","English","繁體中文 (draft)","OK? (Y / change)","Reviewer note"
"1","Telegram/LINE bot message","account_link.code","Enter this code in Vela to connect your Telegram account: {code}
Keep it private; it expires soon.","請在 Vela 輸入這個代碼，連結您的 Telegram 帳號：{code}
請保密；代碼即將到期。","",""
"2","Telegram/LINE bot message","account_link.unavailable","This account link could not be opened. Finish setting up your family in Telegram, then start a new link in Vela.","無法開啟這個帳號連結。請先在 Telegram 完成家人的設定，再從 Vela 建立新的連結。","",""
"3","Telegram/LINE bot message","pilot.activation_wait","Your light is not on yet. Your family organiser needs an approved Telegram account that can receive messages. Please ask your organiser to finish setup, then try again.","您的燈還沒亮起。家人的安排人需要一個已獲准、且能收到訊息的 Telegram 帳號。請安排人完成設定，再試一次。","",""
"4","Telegram/LINE bot message","pilot.invitation_only","Vela’s English trial is invitation-only. Contact the founder for access. Your Telegram ID: {telegram_id}.","Vela 的英語試用僅限受邀者。請聯絡創辦人申請使用。您的 Telegram ID：{telegram_id}。","",""
"5","Telegram/LINE bot message","arrival.greeting","Good morning, {address}.","{address}，早安。","",""
"6","Telegram/LINE bot message","arrival.late","Sorry this is late.","不好意思，這則訊息晚到了。","",""
"7","Telegram/LINE bot message","arrival.repeat","In case you missed it:","怕您沒看到，再傳一次：","",""
"8","Telegram/LINE bot message","arrival.readback_heading","From yesterday:","昨天家人的回覆：","",""
"9","Telegram/LINE bot message","arrival.asks","{asker} asks:","{asker}想問您：","",""
"10","Telegram/LINE bot message","arrival.asks_on_behalf","{asker} asks, for {child}:","{asker}替{child}問您：","",""
"11","Telegram/LINE bot message","arrival.sent_photo","{asker} sent you a photo.","{asker}傳了一張照片給您。","",""
"12","Telegram/LINE bot message","arrival.sent_voice","{asker} sent you a voice message.","{asker}傳了一則語音訊息給您。","",""
"13","Telegram/LINE bot message","arrival.photo_gone","{asker} wanted to show you a photo, but it is no longer available. How are you today?","{asker}想給您看一張照片，可惜照片已經看不到了。您今天過得好嗎？","",""
"14","Telegram/LINE bot message","arrival.photo_choice","Which one? Tap 1 or 2.","選哪一張呢？請按 1 或 2。","",""
"15","Telegram/LINE bot message","arrival.vote","Tap one.","請按一個選項。","",""
"16","Telegram/LINE bot message","arrival.hello","Nothing new from the family today. How are you this morning?","今天家人沒有新的消息。您早上過得好嗎？","",""
"17","Telegram/LINE bot message","arrival.hello_signature","Vela, from your family","Vela，代表您的家人","",""
"18","Telegram/LINE bot message","arrival.hint","Reply with a voice message, or tap a button.","您可以傳語音訊息回覆，或按下面的按鈕。","",""
"19","Telegram/LINE bot message","button.fine","I'm fine","我很好","",""
"20","Telegram/LINE bot message","button.heart","❤️","❤️","",""
"21","Telegram/LINE bot message","button.choice","{n}","{n}","",""
"22","Telegram/LINE bot message","ack.thanks","Thank you, {address}. The family will hear it.","謝謝您，{address}。家人會收到的。","",""
"23","Telegram/LINE bot message","ack.story","Thank you, {address}. Your story is kept in the family book.","謝謝您，{address}。您說的故事已經收進家庭故事書了。","",""
"24","Telegram/LINE bot message","book.dont_keep","Don't keep this one","這則不要保留","",""
"25","Telegram/LINE bot message","book.dropped","That's fine. This story is no longer in the family book.","沒問題，這則故事已經從家庭故事書拿掉了。","",""
"26","Telegram/LINE bot message","recipe.offer","{address}, here is your recipe for {title}, as you told it:

{card}

Shall we keep it in the family book?","{address}，這是您說的{title}做法：

{card}

要收進家庭故事書嗎？","",""
"27","Telegram/LINE bot message","recipe.ingredients","You need:","材料：","",""
"28","Telegram/LINE bot message","recipe.steps","How:","做法：","",""
"29","Telegram/LINE bot message","recipe.remarks","Your tips:","小叮嚀：","",""
"30","Telegram/LINE bot message","recipe.keep","Keep it","保留","",""
"31","Telegram/LINE bot message","recipe.not_this","Not this one","這個不要","",""
"32","Telegram/LINE bot message","recipe.kept","Kept. Your {title} is in the family book now.","好的，{title}已經收進家庭故事書了。","",""
"33","Telegram/LINE bot message","recipe.dropped","That's fine. This recipe is not kept.","沒問題，這份食譜不保留。","",""
"34","Telegram/LINE bot message","readback.replied","{name}: {text}","{name}：{text}","",""
"35","Telegram/LINE bot message","readback.voice","{name} sent a voice message.","{name}傳了一則語音訊息。","",""
"36","Telegram/LINE bot message","readback.photo","{name} sent a photo.","{name}傳了一張照片。","",""
"37","Telegram/LINE bot message","readback.reactions","{names} sent {emoji}","{names}送上{emoji}","",""
"38","Telegram/LINE bot message","consent.invalid_link","This link is no longer valid. Please ask the person who sent it for a new one.","這個連結已經失效了。請跟傳連結給您的人再要一個新的。","",""
"39","Telegram/LINE bot message","consent.already_linked","This Telegram account is already connected to another family on Vela.","這個 Telegram 帳號已經連結到 Vela 上的另一個家庭。","",""
"40","Telegram/LINE bot message","consent.request","{organiser} would like to keep a light on for you. Every morning someone in the family will ask you something, and when you answer, they will know you are fine. If a morning goes unanswered, {organiser} will get a quiet note so they can call. You can say stop at any time. Vela is run by Timur Aiusheev. How your information is used: {notice}","{organiser}想為您留一盞燈。每天早上，家裡會有人問您一件事。您回覆了，家人就知道您一切都好。如果哪天早上的訊息一直沒有回覆，{organiser}會收到一則簡短的通知，就可以打電話給您。您隨時都可以說「停」。Vela 由 Timur Aiusheev 經營。您的資料會怎麼使用，請看： {notice}","",""
"41","Telegram/LINE bot message","consent.health_words","One more question. If you mention your health, for example a fall or pain, may Vela pass your words on to {organiser} so they can call you? Vela works the same if you say no.","還有一個問題。如果您提到身體狀況，例如跌倒或哪裡痛，Vela 可以把您說的話轉告{organiser}，讓{organiser}打電話給您嗎？就算您說不要，Vela 也會照常運作。","",""
"42","Telegram/LINE bot message","consent.yes","Yes, that's fine","好，沒問題","",""
"43","Telegram/LINE bot message","consent.no","No, thank you","不用了，謝謝","",""
"44","Telegram/LINE bot message","consent.accepted","Thank you. Your first morning arrives tomorrow at {time}.","謝謝您。第一則早安訊息會在明天 {time} 送到。","",""
"45","Telegram/LINE bot message","consent.declined","That's fine. Nothing will arrive.","沒關係，不會傳任何訊息給您。","",""
"46","Telegram/LINE bot message","organiser.consent_given","{name} said yes. The first morning arrives tomorrow at {time}.","{name}同意了。第一則早安訊息會在明天 {time} 送到。","",""
"47","Telegram/LINE bot message","organiser.consent_declined","{name} said no for now. Nothing will be sent.","{name}說暫時先不要。不會傳送任何訊息。","",""
"48","Telegram/LINE bot message","invite.for_her","Hello {name}, it is {organiser}. I would like to keep a light on for you: one small question from the family each morning. Open this to hear about it, and say yes if you would like it: {link} You can say stop at any time.","{name}您好，我是{organiser}。我想為您留一盞燈：每天早上，家人會問您一件小事。打開這個連結看看，願意的話就說好： {link} 您隨時都可以說「停」。","",""
"49","Telegram/LINE bot message","organiser.invite_again","Here is a new invite. Send this link to {name}: {link} It works for 7 days.","這是新的邀請連結。請把這個連結傳給{name}： {link} 連結 7 天內有效。","",""
"50","Telegram/LINE bot message","parent.stopped","Everything is paused. Say start whenever you would like it back.","已經全部暫停了。想恢復的時候，隨時說「開始」就可以了。","",""
"51","Telegram/LINE bot message","parent.started","Welcome back. Your next morning arrives at {time}.","歡迎回來。下一則早安訊息會在 {time} 送到。","",""
"52","Telegram/LINE bot message","organiser.stopped","{name} asked to pause. Nothing is wrong with the app.","{name}想先暫停。系統一切正常。","",""
"53","Telegram/LINE bot message","parent.family_sees_heading","What the family saw from your latest answers:","家人從您最近的回覆看到的是：","",""
"54","Telegram/LINE bot message","parent.family_sees_empty","Nothing yet. When you answer a morning message, the family will see it.","還沒有內容。您回覆早安訊息之後，家人就會看到。","",""
"55","Telegram/LINE bot message","parent.family_sees_weekly_read","From the latest weekly read sent to the family:","最近一次傳給家人的每週小記裡，關於您這一週的幾行：","",""
"56","Telegram/LINE bot message","group.linked","Hello, family. I'm Vela. Each evening I will say whose turn it is to ask {name} something for the morning. How Vela handles your messages: {notice}","大家好，我是 Vela。每天晚上，我會告訴大家明天早上輪到誰問{name}一件事。Vela 如何處理大家的訊息： {notice}","",""
"57","Telegram/LINE bot message","group.notice_read","I've read it","我看過了","",""
"58","Telegram/LINE bot message","group.not_linked","Only the family organiser can connect Vela to a group.","只有家庭的發起人才能把 Vela 連結到群組。","",""
"59","Telegram/LINE bot message","group.turn_prompt","Tomorrow is {holder}'s turn with {name}. Reply to this message with a question, a photo, or a voice note.","明天輪到{holder}問{name}。請直接回覆這則訊息，傳一個問題、一張照片或一段語音。","",""
"60","Telegram/LINE bot message","group.turn_prompt_open","Tomorrow, anyone can ask {name} something. Reply to this message with a question, a photo, or a voice note.","明天大家都可以問{name}一件事。請直接回覆這則訊息，傳一個問題、一張照片或一段語音。","",""
"61","Telegram/LINE bot message","group.ask_confirmed","Into {name}'s morning.","已放進{name}的早安訊息。","",""
"62","Telegram/LINE bot message","group.ask_queued","Tomorrow already has {asker}'s ask. This one is saved for another morning.","明天已經有{asker}的提問了。這則先保留，改天早上再送出。","",""
"63","Telegram/LINE bot message","group.ask_from_app","{asker} asked {name} something for tomorrow morning.","{asker}已經為{name}準備好明天早上的提問。","",""
"64","Telegram/LINE bot message","group.answer_light","☀️ {name} answered {asker} · {time}","☀️ {name}回覆了{asker} · {time}","",""
"65","Telegram/LINE bot message","group.answer_hello","☀️ {name} is fine · {time}","☀️ {name}一切都好 · {time}","",""
"66","Telegram/LINE bot message","group.answer_chip","{name} chose: {choice}","{name}選了：{choice}","",""
"67","Telegram/LINE bot message","group.answer_pick","{name} picked photo {n}.","{name}選了第 {n} 張照片。","",""
"68","Telegram/LINE bot message","group.answer_vote","{name} voted: {choice}","{name}投票：{choice}","",""
"69","Telegram/LINE bot message","group.answer_text","{name}: {text}","{name}：{text}","",""
"70","Telegram/LINE bot message","group.answer_transcript","{name} (voice): {text}","{name}（語音）：{text}","",""
"71","Telegram/LINE bot message","quiet.notice","It's been quiet at {name}'s today. The morning message went out at {sent}; {name} usually answers by {usual}. Nothing worrying is known.","{name}那邊今天比較安靜。早安訊息在 {sent} 送出；{name}通常會在 {usual} 前回覆。目前沒有任何令人擔心的消息。","",""
"72","Telegram/LINE bot message","quiet.notice_no_usual","It's been quiet at {name}'s today. The morning message went out at {sent}. Nothing worrying is known.","{name}那邊今天比較安靜。早安訊息在 {sent} 送出。目前沒有任何令人擔心的消息。","",""
"73","Telegram/LINE bot message","quiet.nearby","Nearby: {contacts}","附近的聯絡人：{contacts}","",""
"74","Telegram/LINE bot message","quiet.fine_button","{name} is fine, I know why","{name}沒事，我知道原因","",""
"75","Telegram/LINE bot message","quiet.wait_button","Wait 2 hours","再等 2 小時","",""
"76","Telegram/LINE bot message","quiet.waiting","I'll look again at {time}.","我會在 {time} 再看看。","",""
"77","Telegram/LINE bot message","quiet.resolved_answered","{name} answered at {time}. Everything is lit again.","{name}在 {time} 回覆了。燈又亮了。","",""
"78","Telegram/LINE bot message","quiet.resolved_fine","{organiser} says {name} is fine.","{organiser}說{name}沒事。","",""
"79","Telegram/LINE bot message","quiet.resolved_away","{organiser} says {name} is away.","{organiser}說{name}不在家。","",""
"80","Telegram/LINE bot message","delivery.failed","We couldn't reach {name} on {channel} today. Nothing else is known.","今天沒辦法透過 {channel} 把訊息送給{name}。除此之外，目前沒有別的消息。","",""
"81","Telegram/LINE bot message","flag.notice","{name} said something you may want to hear: ""{quote}""","{name}說了一句話，您可能會想知道：「{quote}」","",""
"82","Telegram/LINE bot message","flag.notice_no_words","{name} said something today that may be worth a call.","{name}今天說了一些話，也許值得打個電話問問。","",""
"83","Telegram/LINE bot message","push.quiet_notice","It's been quiet at {name}'s today. The morning's message arrived at {sent}. Open Vela to call or wait.","{name}那邊今天比較安靜。早安訊息在 {sent} 送到。打開 Vela，可以打個電話，也可以再等等。","",""
"84","Telegram/LINE bot message","push.answer_receipt","{name} answered you.","{name}回覆了您。","",""
"85","Telegram/LINE bot message","push.turn_prompt","Tomorrow morning is yours: ask {name} something.","明天早上輪到您了：問問{name}一件事吧。","",""
"86","Telegram/LINE bot message","away.confirmed","Until {date}, then. Have a lovely time.","好的，那就到{date}為止。祝您過得愉快。","",""
"87","Telegram/LINE bot message","away.confirmed_open","Understood. Have a lovely time.","好的，知道了。祝您過得愉快。","",""
"88","Telegram/LINE bot message","weekly_read.answered","{name} answered {answered} of {days} days.","{name}這週 {days} 天中回覆了 {answered} 天。","",""
"89","Telegram/LINE bot message","weekly_read.answered_one","{name} answered {answered} of {days} day.","{name}這週 {days} 天中回覆了 {answered} 天。","",""
"90","Telegram/LINE bot message","weekly_read.hello_mornings","On {mornings} mornings nobody in the family asked, so Vela sent {name} a hello.","有 {mornings} 天早上家裡沒有人提問，Vela 就傳了早安問候給{name}。","",""
"91","Telegram/LINE bot message","weekly_read.hello_mornings_one","On {mornings} morning nobody in the family asked, so Vela sent {name} a hello.","有 {mornings} 天早上家裡沒有人提問，Vela 就傳了早安問候給{name}。","",""
"92","Telegram/LINE bot message","weekly_read.nobody_asked","Nobody in the family asked {name} anything this week.","這週家裡沒有人問{name}任何事。","",""
"93","Telegram/LINE bot message","weekly_read.suggestion","Something to ask next week: {suggestion}","下週可以問問看：{suggestion}","",""
"94","Telegram/LINE bot message","help.private","Hello. To set up Vela for your family, send /start.","您好。想為家人設定 Vela 的話，請傳送 /start。","",""
"95","Telegram/LINE bot message","help.followed","Hello, I'm Vela. If someone in your family sent you an invitation, open it now. To set up Vela for your own family, send /start.","您好，我是 Vela。如果家人傳了邀請給您，請現在打開。想為自己的家人設定 Vela，請傳 /start。","",""
"96","Telegram/LINE bot message","nearby.request","{organiser} asks: you live near {name}. On a day when {name} hasn't answered and {organiser} can't get through, may {organiser} ask you, through Vela, to go round? Vela never writes to you on its own: any request comes from {organiser}. If you say yes, Vela keeps your name and this Telegram account until you or {organiser} remove them. You can say no, or change your mind at any time by sending stop. Vela is a pilot run by Timur Aiusheev. How your details are used: {notice}","{organiser}想問您：您住在{name}附近。如果哪天{name}一直沒有回覆，{organiser}又聯絡不上，{organiser}可以透過 Vela 請您過去看看嗎？Vela 不會自己傳訊息給您：任何請求都來自{organiser}。如果您同意，Vela 會保存您的名字和這個 Telegram 帳號，直到您或{organiser}把它們移除。您可以說不，也可以隨時傳送「停」改變主意。Vela 是由 Timur Aiusheev 經營的試辦服務。您的資料會怎麼使用，請看： {notice}","",""
"97","Telegram/LINE bot message","nearby.yes","Yes, I'm happy to","好，我願意","",""
"98","Telegram/LINE bot message","nearby.no","No, thank you","不用了，謝謝","",""
"99","Telegram/LINE bot message","nearby.accepted","Thank you. Vela will write to you only if {organiser} asks you to look in on {name}. Send stop at any time to be removed.","謝謝您。只有在{organiser}請您過去看看{name}的時候，Vela 才會傳訊息給您。隨時傳送「停」就可以移除。","",""
"100","Telegram/LINE bot message","nearby.declined","That's fine. Your details have been deleted, and nobody will ask again.","沒關係。您的資料已經刪除，不會再有人問您。","",""
"101","Telegram/LINE bot message","nearby.already_listed","You are already listed near {name}. Nothing has changed.","您已經列在{name}附近的人裡了，沒有任何變更。","",""
"102","Telegram/LINE bot message","nearby.ask","{organiser} asks: could you look in on {name} today? {name} hasn't answered this morning.","{organiser}想問您：今天可以過去看看{name}嗎？{name}今天早上還沒有回覆。","",""
"103","Telegram/LINE bot message","nearby.ask_yes","I'll look in","我會過去看看","",""
"104","Telegram/LINE bot message","nearby.ask_no","Can't today","今天沒辦法","",""
"105","Telegram/LINE bot message","nearby.thanks_yes","Thank you. {organiser} knows you'll look in.","謝謝您。{organiser}已經知道您會過去。","",""
"106","Telegram/LINE bot message","nearby.thanks_no","Thank you for letting {organiser} know. That's completely fine.","謝謝您讓{organiser}知道，完全沒關係。","",""
"107","Telegram/LINE bot message","nearby.stand_down","{name} has answered now, so there is no need to look in. Thank you.","{name}已經回覆了，不用過去了。謝謝您。","",""
"108","Telegram/LINE bot message","nearby.removed","You have been removed. Vela will not write to you again.","已經為您移除，Vela 不會再傳訊息給您。","",""
"109","Telegram/LINE bot message","nearby.help","Vela writes to you only when a family that listed you asks you to look in. Send stop to be removed.","只有在列出您的家庭請您過去看看時，Vela 才會傳訊息給您。傳送「停」就可以移除。","",""
"110","Telegram/LINE bot message","organiser.nearby_yes","{contact} said yes. On a quiet morning you can now ask {contact} to look in on {name}.","{contact}同意了。之後如果哪天早上比較安靜，您可以請{contact}過去看看{name}。","",""
"111","Telegram/LINE bot message","organiser.nearby_no","{contact} said no, so {contact} is no longer listed near {name}.","{contact}說不用了，所以{contact}已經不在{name}附近的人裡。","",""
"112","Telegram/LINE bot message","organiser.look_in_yes","{contact} will look in on {name}.","{contact}會過去看看{name}。","",""
"113","Telegram/LINE bot message","organiser.look_in_no","{contact} can't today.","{contact}今天沒辦法。","",""
"114","Telegram/LINE bot message","onboarding.welcome","Hello, I'm Vela. Let's set up a light for someone in your family. It takes two minutes.","您好，我是 Vela。我們一起為一位家人留一盞燈吧。大約兩分鐘就能完成。","",""
"115","Telegram/LINE bot message","onboarding.ask_name","What do you call them? For example: Mom, Grandma, Dad.","您平常怎麼稱呼這位家人？例如：媽媽、阿嬤、爸爸。","",""
"116","Telegram/LINE bot message","onboarding.ask_address","How should I greet them each morning? For example: Mrs Chen, Mom.","我每天早上問候時，要怎麼稱呼這位家人？例如：陳太太、媽媽。","",""
"117","Telegram/LINE bot message","onboarding.ask_language","Which language should their messages be in?","要用哪一種語言傳訊息給這位家人？","",""
"118","Telegram/LINE bot message","onboarding.ask_country","Which country do they live in?","這位家人住在哪個國家或地區？","",""
"119","Telegram/LINE bot message","onboarding.country_tw","Taiwan","台灣","",""
"120","Telegram/LINE bot message","onboarding.country_vn","Vietnam","越南","",""
"121","Telegram/LINE bot message","onboarding.country_us","United States","美國","",""
"122","Telegram/LINE bot message","onboarding.country_gb","United Kingdom","英國","",""
"123","Telegram/LINE bot message","onboarding.country_ca","Canada","加拿大","",""
"124","Telegram/LINE bot message","onboarding.country_au","Australia","澳洲","",""
"125","Telegram/LINE bot message","onboarding.country_sg","Singapore","新加坡","",""
"126","Telegram/LINE bot message","onboarding.country_jp","Japan","日本","",""
"127","Telegram/LINE bot message","onboarding.country_de","Germany","德國","",""
"128","Telegram/LINE bot message","onboarding.country_in","India","印度","",""
"129","Telegram/LINE bot message","onboarding.country_other","Other","其他","",""
"130","Telegram/LINE bot message","onboarding.ask_zone","Which time zone?","在哪個時區？","",""
"131","Telegram/LINE bot message","onboarding.ask_zone_other","Which time zone do they live in? Type its name, like Asia/Seoul or Europe/Paris.","這位家人住在哪個時區？請輸入時區名稱，例如 Asia/Seoul 或 Europe/Paris。","",""
"132","Telegram/LINE bot message","onboarding.invalid_zone","Please send a time zone name like Asia/Seoul or Europe/Paris.","請輸入像 Asia/Seoul 或 Europe/Paris 這樣的時區名稱。","",""
"133","Telegram/LINE bot message","onboarding.ask_wake","When do they usually wake up? Tap one or type a time like 07:30.","這位家人通常幾點起床？請按一個選項，或輸入像 07:30 這樣的時間。","",""
"134","Telegram/LINE bot message","onboarding.ask_nearby","Who lives nearby and could look in if needed? Send a name and, if you like, how they know each other, for example: Anna, neighbour. Or tap Skip. Please ask them yourself first. Only their name goes here: their number is added after they say yes.","有沒有住在附近、需要的時候可以過去看看的人？請傳送對方的名字，也可以加上對方和這位家人的關係，例如：王小姐，鄰居。或按「略過」。請您先親自問過對方。這裡只填名字：對方同意之後，才會加上電話號碼。","",""
"135","Telegram/LINE bot message","onboarding.nearby_no_number","Please send only a name and, if you like, how they know each other, for example: Anna, neighbour. Their number is added after they say yes.","請只傳送名字，也可以加上對方和這位家人的關係，例如：王小姐，鄰居。對方同意之後，才會加上電話號碼。","",""
"136","Telegram/LINE bot message","onboarding.skip","Skip","略過","",""
"137","Telegram/LINE bot message","onboarding.invalid_time","Please send a time like 07:30.","請輸入像 07:30 這樣的時間。","",""
"138","Telegram/LINE bot message","onboarding.done","All set. Send this link to {name}: {link} Then start a new group for the family, without {name}, and add me to it, so the family can take turns asking.","設定完成。請把這個連結傳給{name}： {link} 然後另外建立一個家人群組（不要加{name}），把我加進去，讓家人可以輪流提問。","",""
"139","Telegram/LINE bot message","admin.weekly_read_draft","Weekly read draft for {family} is ready: {link}","{family}的每週小記草稿已經準備好了： {link}","",""
"140","Telegram/LINE bot message","admin.flag","Flag in {family}. Open: {link}","{family}有一則標記。查看： {link}","",""
"141","Telegram/LINE bot message","admin.understand_failed","Could not read an answer in {family} after three tries. Open: {link}","{family}有一則回覆試了三次仍無法讀取。查看： {link}","",""
"142","Telegram/LINE bot message","admin.member_left_group","{name} left the family group in {family}. Nothing changed for them.","{name}退出了{family}的家人群組。{name}這邊沒有任何變動。","",""
"143","Telegram/LINE bot message","admin.organisers_unreachable","{name} can no longer be told anything in {family}, and no other organiser can: nobody will hear if a light there goes quiet. Open: {link}","{family}已經無法再通知{name}，也沒有其他發起人能收到通知：那裡有人安靜下來時，不會有人知道。查看： {link}","",""
"144","Telegram/LINE bot message","admin.quiet_nobody_told","It's been quiet at {name}'s today in {family}, and no organiser can be told. Open: {link}","{family}的{name}那邊今天比較安靜，但沒有任何發起人能收到通知。查看： {link}","",""
"145","Telegram/LINE bot message","admin.line_quota","LINE has used {used} of this month's {limit} messages. Open: {link}","LINE 本月已用了 {used} 則訊息，上限是 {limit} 則。查看： {link}","",""
"146","Telegram/LINE bot message","admin.line_quota_exhausted","LINE has used all of this month's messages: mornings and notices on LINE fail until the plan changes or the month ends, and only replies still go out. Open: {link}","LINE 本月的訊息額度已經用完：在方案變更或下個月開始之前，LINE 上的早安訊息和通知都會傳送失敗，只有回覆還能送出。查看： {link}","",""
"147","Telegram/LINE bot message","admin.quiet_notice_unheard","It's been quiet at {name}'s today in {family}, and the notice to an organiser's phone did not arrive. Open: {link}","{family}的{name}那邊今天比較安靜，但傳到一位發起人手機的通知沒有送達。查看： {link}","",""
"148","Telegram/LINE bot message","admin.push_misconfigured","Push to phones is failing: Vela's push credentials were refused, and no notice reaches a phone until they are fixed. Open: {link}","推播通知無法送出：Vela 的推播憑證被拒絕了，修好之前，任何通知都到不了手機。查看： {link}","",""
"149","Organiser app","","{asker} asked","{asker}提問","",""
"150","Organiser app","","{asker} asked {recipient}","{asker}問{recipient}","",""
"151","Organiser app","","{away} away","{away}次正好外出","",""
"152","Organiser app","","{by} asked at {time}. Waiting for {name}.","{by}在 {time} 問了，正在等{name}回覆。","",""
"153","Organiser app","","{by} said {name} is fine. Everyone who was told has heard.","{by}說{name}沒事。收到通知的每個人都已經知道了。","",""
"154","Organiser app","","{day} morning","{day}早上","",""
"155","Organiser app","","{days, plural, one {{name} answered {answered} of # day.} other {{name} answered {answered} of # days.}}","{days, plural, other {{name}這週 # 天中回覆了{answered}天。}}","",""
"156","Organiser app","","{from} replied","{from}回覆了","",""
"157","Organiser app","","{from} sent a heart","{from}送上一顆愛心","",""
"158","Organiser app","","{from} sent a hug","{from}送上一個擁抱","",""
"159","Organiser app","","{from} sent a laugh","{from}送上一個笑臉","",""
"160","Organiser app","","{from} sent a photo","{from}傳了一張照片","",""
"161","Organiser app","","{from} sent a voice message","{from}傳了一則語音訊息","",""
"162","Organiser app","","{from}: {text}","{from}：{text}","",""
"163","Organiser app","","{hellos, plural, one {On # morning nobody in the family asked, so Vela sent {name} a hello.} other {On # mornings nobody in the family asked, so Vela sent {name} a hello.}}","{hellos, plural, other {有 # 天早上家裡沒有人提問，Vela 就傳了早安問候給{name}。}}","",""
"164","Organiser app","","{her} would see your light, and you choose who else. Not in the app yet.","{her}會看到您的燈，還有誰能看到由您決定。App 裡還沒有這個功能。","",""
"165","Organiser app","","{holder} already has that morning.","那天早上已經有{holder}的提問了。","",""
"166","Organiser app","","{holder} already has that Sunday.","那個週日已經由{holder}安排了。","",""
"167","Organiser app","","{known} fine, and the family knew why","{known}次平安（家人知道原因）","",""
"168","Organiser app","","{later} answered later","{later}次稍晚回覆","",""
"169","Organiser app","","{name} · {day}","{name} · {day}","",""
"170","Organiser app","","{name} · {day} · {asker} asked","{name} · {day} · {asker}問的","",""
"171","Organiser app","","{name} answered. For 30 days, Vela Light is on for free, so you can see what it does before you decide.","{name}回覆了。接下來 30 天，Vela Light 免費開啟，讓您先看看它能做什麼，再決定要不要使用。","",""
"172","Organiser app","","{name} answered. The light is lit again.","{name}回覆了。燈又亮了。","",""
"173","Organiser app","","{name} can't today.","{name}今天沒辦法。","",""
"174","Organiser app","","{name} gave permission to save this number","{name}已同意讓我儲存這個號碼","",""
"175","Organiser app","","{name} has not said yes yet","{name}還沒有同意","",""
"176","Organiser app","","{name} has not said yes yet. Once she does, her first morning is the next day.","{name}還沒有同意。同意之後的隔天早上，就會收到第一則早安訊息。","",""
"177","Organiser app","","{name} is asked on {day}.","{day}會問{name}。","",""
"178","Organiser app","","{name} is asked on {day}. Chosen by {askedBy}.","{day}會問{name}。由{askedBy}選的。","",""
"179","Organiser app","","{name} is away","{name}不在家","",""
"180","Organiser app","","{name} is away until {day}. Her mornings still come; nobody is told they went quiet.","{name}{day}前不在家。早上的訊息照常送出，這段期間不會發出安靜通知。","",""
"181","Organiser app","","{name} is away until she's back. Her mornings still come; nobody is told they went quiet.","{name}出門了，回來前早上的訊息照常送出，這段期間不會發出安靜通知。","",""
"182","Organiser app","","{name} is back","{name}回來了","",""
"183","Organiser app","","{name} is fine, I know why","{name}沒事，我知道原因","",""
"184","Organiser app","","{name} last answered {day} at {time}.","{name}最後一次回覆是在{day} {time}。","",""
"185","Organiser app","","{name} last answered today at {time}.","{name}最後一次回覆是在今天 {time}。","",""
"186","Organiser app","","{name} last answered yesterday at {time}.","{name}最後一次回覆是在昨天 {time}。","",""
"187","Organiser app","","{name} last answered yesterday at 8:41.","{name}最後一次回覆是在昨天 08:41。","",""
"188","Organiser app","","{name} said I may save this number on my iPhone.","{name}同意我把這個號碼存在我的 iPhone 上。","",""
"189","Organiser app","","{name} said no","{name}說不要","",""
"190","Organiser app","","{name} said yes","{name}同意了","",""
"191","Organiser app","","{name} will look in.","{name}會過去看看。","",""
"192","Organiser app","","{name}: {what}, {day}","{name}：{what}，{day}","",""
"193","Organiser app","","{name}: {what}. You will be reminded to ask on {day}.","{name}：{what}。{day}會提醒您問一問。","",""
"194","Organiser app","","{name}'s first weekly read comes on a Sunday, after a week of her mornings.","{name}的第一份每週小記會在週日送來，等{name}過完一週的早上之後。","",""
"195","Organiser app","","{name}'s light is not on.","{name}的燈還沒有點亮。","",""
"196","Organiser app","","{name}'s light is on","{name}的燈亮著","",""
"197","Organiser app","","{name}'s light is paused just now, so nothing can be sent into her morning.","{name}的燈目前暫停中，所以現在無法放進早安訊息。","",""
"198","Organiser app","","{name}'s recipe · {day}","{name}的食譜 · {day}","",""
"199","Organiser app","","{name}'s thirty days have ended. The daily ask and the exchanges carry on as before.","{name}的 30 天試用已經結束了。每天的提問和問答會照常進行。","",""
"200","Organiser app","","{name}'s week","{name}的這一週","",""
"201","Organiser app","","{neverKnown} never known","{neverKnown}次始終不清楚","",""
"202","Organiser app","","{notices, plural, one {# quiet notice.} other {# quiet notices.}}","{notices, plural, other {# 則安靜通知。}}","",""
"203","Organiser app","","{open, plural, one {# is still open.} other {# are still open.}}","{open, plural, other {# 則還沒有結果。}}","",""
"204","Organiser app","","{recipient} answered an earlier ask at {time}. This one has no answer yet.","{recipient}在 {time} 回覆了之前的提問，這則提問還沒有回覆。","",""
"205","Organiser app","","{recipient} answered at {time}","{recipient}在 {time} 回覆了","",""
"206","Organiser app","","{recipient} answered at {time} · from her voice note","{recipient}在 {time} 回覆了 · 由語音轉成文字","",""
"207","Organiser app","","{recipient} saw it · {time}","{recipient}看過了 · {time}","",""
"208","Organiser app","","{wrong} where something was wrong","{wrong}次真的有狀況","",""
"209","Organiser app","","▶ Play the voice message","▶ 播放語音訊息","",""
"210","Organiser app","","▶ Play voice message {number}","▶ 播放語音訊息 {number}","",""
"211","Organiser app","","❤️ I'm fine","❤️ 我很好","",""
"212","Organiser app","","🎙 Add a voice hello (10 seconds)","🎙 加一段語音問候（10 秒）","",""
"213","Organiser app","","🎙 Answer with your voice","🎙 用聲音回答","",""
"214","Organiser app","","🎙 Record your voice note (10 seconds)","🎙 錄一段語音（10 秒）","",""
"215","Organiser app","","🎙 Reply with your voice","🎙 用聲音回覆","",""
"216","Organiser app","","📷 Reply with a photo","📷 用照片回覆","",""
"217","Organiser app","","$79 a year","每年 79 美元","",""
"218","Organiser app","","A hello for {recipient}","給{recipient}的問候","",""
"219","Organiser app","","A hello from Vela","來自 Vela 的問候","",""
"220","Organiser app","","A photo of the street where you grew up — do you remember the shop on the corner?","您從小長大的那條街的照片——還記得街角那家店嗎？","",""
"221","Organiser app","","A question","一個問題","",""
"222","Organiser app","","A quiet morning","安靜的早上","",""
"223","Organiser app","","A recipe","一道菜的做法","",""
"224","Organiser app","","A story","一個故事","",""
"225","Organiser app","","A voice note","一段語音","",""
"226","Organiser app","","A vote","投票","",""
"227","Organiser app","","A word to teach","請教一個詞","",""
"228","Organiser app","","Account","帳號","",""
"229","Organiser app","","Across Vela","整個 Vela","",""
"230","Organiser app","","Add an option","新增選項","",""
"231","Organiser app","","Add them","加入","",""
"232","Organiser app","","Adding…","加入中…","",""
"233","Organiser app","","Adelaide","阿得雷德","",""
"234","Organiser app","","Alaska","阿拉斯加","",""
"235","Organiser app","","All said yes","都同意了","",""
"236","Organiser app","","Always free","永遠免費","",""
"237","Organiser app","","An old photo","一張老照片","",""
"238","Organiser app","","Another question","換一個問題","",""
"239","Organiser app","","Answer","回答","",""
"240","Organiser app","","answered","回覆了","",""
"241","Organiser app","","answered {time}","{time} 回覆了","",""
"242","Organiser app","","Anyone","大家","",""
"243","Organiser app","","Ask {name}","問{name}","",""
"244","Organiser app","","Ask {name} for permission before saving their number. It stays encrypted on this iPhone, is never uploaded to Vela, and is removed when you sign out. Your usual Telegram chat still works without it.","儲存{name}的號碼前，請先徵得對方同意。號碼會加密保存在這支 iPhone 上，不會上傳到 Vela，登出時就會刪除。不存號碼，您平常的 Telegram 聊天也照樣能用。","",""
"245","Organiser app","","Ask {name} how {what} went","問問{name}，{what}還順利嗎","",""
"246","Organiser app","","Ask {name} something","問{name}一件事","",""
"247","Organiser app","","Ask {name} something else","再問{name}一件事","",""
"248","Organiser app","","Ask {recipient} something","問{recipient}一件事","",""
"249","Organiser app","","Ask {who} on Telegram","在 Telegram 上問{who}","",""
"250","Organiser app","","Ask and reply · free","提問和回覆 · 免費","",""
"251","Organiser app","","Ask her which seeds she wants to keep for next spring.","問問媽媽明年春天想留哪些種子。","",""
"252","Organiser app","","Ask it on Sunday","週日問這個","",""
"253","Organiser app","","Ask on Telegram","在 Telegram 上問","",""
"254","Organiser app","","Ask the founder for access, correction, deletion, or to withdraw consent. Never include private family content in a support message.","如需查閱、更正、刪除資料或撤回同意，請聯絡創辦人。請勿在客服訊息中附上家人的私人內容。","",""
"255","Organiser app","","Ask them to look in","請對方過去看看","",""
"256","Organiser app","","Asked at {time}","提問時間 {time}","",""
"257","Organiser app","","Asked at {time}. Waiting for {name}.","已在 {time} 問了，正在等{name}回覆。","",""
"258","Organiser app","","Asking…","正在詢問…","",""
"259","Organiser app","","At most one of each a day: when {her} answers what you asked, and the evening before your turn.","每種通知每天最多一則：{her}回覆您的提問時，以及輪到您提問的前一晚。","",""
"260","Organiser app","","At most one of each a day: when {her} answers what you asked, and the evening before your turn. If a morning goes quiet, you are told whatever this says.","每種通知每天最多一則：{her}回覆您的提問時，以及輪到您提問的前一晚。如果哪天早上比較安靜，不論這裡怎麼設定，都會通知您。","",""
"261","Organiser app","","Atlantic","大西洋時間","",""
"262","Organiser app","","Australia","澳洲","",""
"263","Organiser app","","away","外出中","",""
"264","Organiser app","","Away","不在家","",""
"265","Organiser app","","away · {day}","外出中 · 到{day}","",""
"266","Organiser app","","Both of you, but only Mia listened about the butter.","你們兩個都教過，但只有 Mia 把奶油那段聽進去了。","",""
"267","Organiser app","","Brisbane","布里斯本","",""
"268","Organiser app","","Call","打電話","",""
"269","Organiser app","","Call {name}","打電話給{name}","",""
"270","Organiser app","","Canada","加拿大","",""
"271","Organiser app","","Central","中部時間","",""
"272","Organiser app","","Change","更改","",""
"273","Organiser app","","Change the people nearby","更改附近的聯絡人","",""
"274","Organiser app","","Checking…","確認中…","",""
"275","Organiser app","","Choose a photo","選一張照片","",""
"276","Organiser app","","Choose another","換一張","",""
"277","Organiser app","","Choose from the list","從題庫選","",""
"278","Organiser app","","Choose your country, type your number as you would at home, and we text you a code.","選擇您的國家，照平常的方式輸入手機號碼，我們會用簡訊傳驗證碼給您。","",""
"279","Organiser app","","Close","關閉","",""
"280","Organiser app","","Close quiet notice","關閉安靜通知","",""
"281","Organiser app","","Codes by text message do not reach {where} yet. Use your email instead.","簡訊驗證碼目前還無法傳到{where}，請改用電子郵件。","",""
"282","Organiser app","","Coming up","近期安排","",""
"283","Organiser app","","Connect existing family","連結已有的家庭","",""
"284","Organiser app","","Connect your Telegram family","連結您在 Telegram 上的家庭","",""
"285","Organiser app","","Connecting…","連結中…","",""
"286","Organiser app","","Connection code from your own Vela chat. It expires after 15 minutes.","來自您自己 Vela 聊天室的連結碼，15 分鐘後失效。","",""
"287","Organiser app","","Contact {name} using your usual phone call or Telegram chat. You can add their calling number in You, with their permission.","請用您平常的電話或 Telegram 聊天聯絡{name}。經對方同意後，您可以在「我」裡加入對方的電話號碼。","",""
"288","Organiser app","","Copy these ids into the private Terminal helper for the dedicated test account.","請使用專用測試帳號，將這些識別碼貼到終端機的私人提示中。","",""
"289","Organiser app","","Create a new connection","建立新的連結","",""
"290","Organiser app","","Dad","爸爸","",""
"291","Organiser app","","Darwin","達爾文","",""
"292","Organiser app","","Do you remember this?","您還記得這張嗎？","",""
"293","Organiser app","","Done","完成","",""
"294","Organiser app","","downstairs","樓下鄰居","",""
"295","Organiser app","","Earlier this month","這個月稍早","",""
"296","Organiser app","","Eastern","東部時間","",""
"297","Organiser app","","Email","電子郵件","",""
"298","Organiser app","","English pilot","英語試辦","",""
"299","Organiser app","","Enter","登入","",""
"300","Organiser app","","Exchanges","問答","",""
"301","Organiser app","","family","家人","",""
"302","Organiser app","","Family","家人","",""
"303","Organiser app","","Finish connecting","完成連結","",""
"304","Organiser app","","France","法國","",""
"305","Organiser app","","Free","免費","",""
"306","Organiser app","","Free pilot","免費試辦","",""
"307","Organiser app","","From","從","",""
"308","Organiser app","","Germany","德國","",""
"309","Organiser app","","Get help or request your data","尋求協助或索取您的資料","",""
"310","Organiser app","","Go to Today","前往「今天」","",""
"311","Organiser app","","Good morning, Mom. Mia asks: what did you have for breakfast?","媽媽早安。Mia 想問：您早餐吃了什麼？","",""
"312","Organiser app","","Good morning. Your message is here.","早安。您的訊息來了。","",""
"313","Organiser app","","Has not said yes yet","還沒有同意","",""
"314","Organiser app","","Hawaii","夏威夷","",""
"315","Organiser app","","Hear it on this phone when {name} answers.","{name}回覆時，在這支手機上收到通知。","",""
"316","Organiser app","","Heart","愛心","",""
"317","Organiser app","","Hello {who}. Could I list you on Vela as someone near {name}, so I could ask you to look in on a day {name} hasn't answered? Open this in Telegram to read what it means and say yes or no: {link}","{who}您好。我可以在 Vela 上把您列為住在{name}附近的人嗎？這樣如果哪天{name}沒有回覆，我可以請您過去看看。請用 Telegram 打開這個連結，看看這代表什麼，再回答好或不好： {link}","",""
"318","Organiser app","","her","這位家人","",""
"319","Organiser app","","Her answer is kept in the family book, unless she says not to.","回答會收進家庭故事書，除非本人說不要保留。","",""
"320","Organiser app","","Her answer stays with the exchange. Long-term story saving is not switched on here.","長輩的回答會留在這則問答裡。這裡尚未開啟長期保存故事的功能。","",""
"321","Organiser app","","Her first morning is the day after she says yes, at {time}.","同意之後的隔天 {time}，就會收到第一則早安訊息。","",""
"322","Organiser app","","Her morning already holds it.","早上的訊息已經排好了，無法收回。","",""
"323","Organiser app","","Her morning comes at {time}, half an hour after she wakes.","早安訊息會在 {time} 送到，也就是起床後半小時。","",""
"324","Organiser app","","Her mornings still come while she is away. Nobody is told her morning went quiet, and nothing is sent to her again later that day.","不在家的期間，早上的訊息照常送出；不會通知家人早上沒回應，當天也不會再補發訊息。","",""
"325","Organiser app","","Her name, as the family calls her.","家裡平常怎麼稱呼這位家人。","",""
"326","Organiser app","","Her phone","長輩的手機","",""
"327","Organiser app","","Hide test sign-in details","隱藏測試登入資訊","",""
"328","Organiser app","","Hong Kong","香港","",""
"329","Organiser app","","How","做法","",""
"330","Organiser app","","How did {what} go?","{what}還順利嗎？","",""
"331","Organiser app","","How the quiet notices ended, in your family and across Vela","安靜通知最後的結果，包括您家和整個 Vela","",""
"332","Organiser app","","How they ended: {ended}.","結果：{ended}。","",""
"333","Organiser app","","How they know {name}, like neighbour","和{name}的關係，例如鄰居","",""
"334","Organiser app","","How Vela greets her each morning.","Vela 每天早上問候時的稱呼。","",""
"335","Organiser app","","How Vela is doing","Vela 的表現","",""
"336","Organiser app","","Hug","抱抱","",""
"337","Organiser app","","I have sent it","我已經傳了","",""
"338","Organiser app","","If a morning goes quiet, nobody can tell you yet: you have no Telegram link and no phone with Vela's notifications on.","如果哪天早上比較安靜，目前沒有辦法通知您：您沒有連結 Telegram，也沒有開啟 Vela 通知的手機。","",""
"339","Organiser app","","If a morning goes quiet, nobody can tell you yet: you have no Telegram link and no phone with Vela's notifications on. Turn them on for this phone to be told here.","如果哪天早上比較安靜，目前沒有辦法通知您：您沒有連結 Telegram，也沒有開啟 Vela 通知的手機。在這支手機上開啟通知，就能在這裡收到。","",""
"340","Organiser app","","If a morning goes quiet, nobody can tell you yet: you have no Telegram link, and Vela does not send notifications to phones yet.","如果哪天早上比較安靜，目前沒有辦法通知您：您沒有連結 Telegram，而 Vela 還不會傳送手機通知。","",""
"341","Organiser app","","If her morning stays quiet past her usual time, and when it is settled.","早安訊息過了平常的回覆時間仍然安靜時，以及之後有了結果時。","",""
"342","Organiser app","","If your family has not been set up yet, contact the founder before continuing. Your parent agrees in their own Telegram chat.","如果您的家庭還沒設定好，請先聯絡創辦人再繼續。您的父母會在自己的 Telegram 聊天室裡表示同意。","",""
"343","Organiser app","","In none of them was something wrong.","沒有一則是真的有狀況。","",""
"344","Organiser app","","Include the country code, starting with +. For example, +84 for Vietnam.","請加上國碼，以 + 開頭，例如越南是 +84。","",""
"345","Organiser app","","India","印度","",""
"346","Organiser app","","Into her morning","放進早安訊息","",""
"347","Organiser app","","Into her morning.","已放進早安訊息。","",""
"348","Organiser app","","Is {name} away?","{name}不在家嗎？","",""
"349","Organiser app","","It ends when she next answers, from a later day than today.","從明天起，長輩下次回覆時就會自動結束。","",""
"350","Organiser app","","It reaches her on the first morning after she says yes. Every morning after that, someone in the family asks.","答應之後的第一個早上就會送到。之後每天早上，都會有一位家人提問。","",""
"351","Organiser app","","It was a bakery, then a bookshop. We queued there for bread in the winter.","先是麵包店，後來變成書店。冬天我們在那裡排隊買麵包。","",""
"352","Organiser app","","It's been quiet at {name}'s today","{name}那邊今天比較安靜","",""
"353","Organiser app","","Japan","日本","",""
"354","Organiser app","","Kazakhstan","哈薩克","",""
"355","Organiser app","","Keep a light on for me","也為我留一盞燈","",""
"356","Organiser app","","Language","語言","",""
"357","Organiser app","","late","較晚","",""
"358","Organiser app","","Laugh","大笑","",""
"359","Organiser app","","Leave","離開","",""
"360","Organiser app","","Leave {familyName}?","要離開{familyName}嗎？","",""
"361","Organiser app","","Leave the family","離開這個家庭","",""
"362","Organiser app","","Leave the number out. Vela asks them for it, with their yes.","請不要填電話號碼。對方同意後，Vela 會再向對方要號碼。","",""
"363","Organiser app","","Leaving…","正在離開…","",""
"364","Organiser app","","Listen","聽一聽","",""
"365","Organiser app","","Listen to {from}’s voice reply","聽{from}的語音回覆","",""
"366","Organiser app","","Listen to my voice note.","聽聽我的語音。","",""
"367","Organiser app","","Listen to the family’s voice ask","聽家人的語音提問","",""
"368","Organiser app","","Listen to the original voice","聽原始語音","",""
"369","Organiser app","","Loading pilot setup…","正在載入試辦設定…","",""
"370","Organiser app","","Loading the quiet notices…","正在載入安靜通知…","",""
"371","Organiser app","","Loading voice…","正在載入語音…","",""
"372","Organiser app","","Loading your family…","正在載入您的家庭…","",""
"373","Organiser app","","Loading your family’s morning…","正在載入家人的早晨…","",""
"374","Organiser app","","Loading your family’s plan…","正在載入您家庭的方案…","",""
"375","Organiser app","","Looking for that exchange…","正在找這則問答…","",""
"376","Organiser app","","Looking for your family's days…","正在載入家人的問答…","",""
"377","Organiser app","","Malaysia","馬來西亞","",""
"378","Organiser app","","Mom","媽媽","",""
"379","Organiser app","","Mountain","山區時間","",""
"380","Organiser app","","Mrs Chen","陳太太","",""
"381","Organiser app","","name@example.com","例如 name@example.com","",""
"382","Organiser app","","nearby","附近的聯絡人","",""
"383","Organiser app","","Nearby","附近的聯絡人","",""
"384","Organiser app","","Nearby: {names}","附近的聯絡人：{names}","",""
"385","Organiser app","","neighbour","鄰居","",""
"386","Organiser app","","Netherlands","荷蘭","",""
"387","Organiser app","","New Zealand","紐西蘭","",""
"388","Organiser app","","Next","下一步","",""
"389","Organiser app","","No accounts yet","目前還沒有開放帳號","",""
"390","Organiser app","","No morning in the next two weeks is free for a photo ask. Send it as words, or try again later.","接下來兩週都沒有空出來的早上可以放照片提問。請改用文字提問，或稍後再試一次。","",""
"391","Organiser app","","No number here: Vela asks them for it, with their yes.","這裡不填電話號碼：對方同意後，Vela 會再向對方要號碼。","",""
"392","Organiser app","","No quiet notice in the last 12 months.","過去 12 個月沒有安靜通知。","",""
"393","Organiser app","","No stories have been kept here yet.","這裡還沒有保存任何故事。","",""
"394","Organiser app","","No stories yet. Choose a question on the Sunday tab, and what she tells is kept here.","還沒有故事。在週日分頁選一個問題，說出的故事會收在這裡。","",""
"395","Organiser app","","No word yet today.","今天還沒有回覆。","",""
"396","Organiser app","","No word yet.","還沒有回覆。","",""
"397","Organiser app","","Nobody in the family asked {name} anything this week.","這週家裡沒有人問{name}任何事。","",""
"398","Organiser app","","Nobody nearby yet","還沒有附近的聯絡人","",""
"399","Organiser app","","Not enough notices yet to show a month.","通知還不夠多，暫時無法顯示任何月份。","",""
"400","Organiser app","","Not now","先不要","",""
"401","Organiser app","","Not this time","這次沒有","",""
"402","Organiser app","","Nothing has happened yet. Her first morning will be here.","還沒有任何內容。第一則早安訊息會出現在這裡。","",""
"403","Organiser app","","Nothing is charged during the pilot, and no card is asked for.","試辦期間不收任何費用，也不需要提供信用卡。","",""
"404","Organiser app","","Nothing reaches her until she says yes. Send her these words; the link tells her what Vela is and asks her.","在這位家人同意之前，不會傳送任何訊息。請把下面這段話傳給這位家人；連結會說明 Vela 是什麼，並詢問是否同意。","",""
"405","Organiser app","","Nothing yet today. Your morning message will be here.","今天還沒有訊息。早上的訊息會出現在這裡。","",""
"406","Organiser app","","Nothing yet.","還沒有內容。","",""
"407","Organiser app","","Notifications","通知","",""
"408","Organiser app","","Notifications are not available in this build of the app.","這個版本的 App 無法使用通知。","",""
"409","Organiser app","","Notifications are off in this phone's settings.","這支手機的設定已關閉通知。","",""
"410","Organiser app","","Notifications are off.","通知已關閉。","",""
"411","Organiser app","","Notifications are on, but quiet mornings are switched off for Vela in this phone's settings.","通知已開啟，但這支手機的設定關閉了 Vela 的安靜通知。","",""
"412","Organiser app","","Notifications are on.","通知已開啟。","",""
"413","Organiser app","","Notifications come to the Vela app on a phone, not to a browser.","通知會送到手機上的 Vela App，不會送到瀏覽器。","",""
"414","Organiser app","","Now ask {name}","現在去問問{name}","",""
"415","Organiser app","","Off: nothing when {her} answers or when your turn comes.","已關閉：{her}回覆或輪到您提問時，都不會通知。","",""
"416","Organiser app","","Off: nothing when {her} answers or when your turn comes. If a morning goes quiet, you are still told.","已關閉：{her}回覆或輪到您提問時，都不會通知。如果哪天早上比較安靜，仍然會通知您。","",""
"417","Organiser app","","Older than thirty days lives in the family book.","超過三十天的內容會收進家族故事書。","",""
"418","Organiser app","","On her phone, with Vela","在長輩的手機上用 Vela","",""
"419","Organiser app","","On LINE","用 LINE","",""
"420","Organiser app","","On Saturday she answered later than usual, after the market.","週六媽媽比平常晚回覆，是在去完市場之後。","",""
"421","Organiser app","","On Sunday {name} is asked for this story.","週日會請{name}說這個故事。","",""
"422","Organiser app","","On Telegram","用 Telegram","",""
"423","Organiser app","","One moment a day","一天一次","",""
"424","Organiser app","","One moment…","請稍等…","",""
"425","Organiser app","","One question at a time. The English pilot sends your words as written.","一次一個問題。英語試辦會照您寫的原文送出。","",""
"426","Organiser app","","Open","打開","",""
"427","Organiser app","","Open how the quiet notices ended","打開安靜通知的結果","",""
"428","Organiser app","","Open settings","開啟設定","",""
"429","Organiser app","","Open Telegram with the account that already belongs to your approved pilot family. Tap Start, copy the connection code Vela sends you, and paste it below.","請用已加入您那個獲准試辦家庭的帳號打開 Telegram。點「開始」，複製 Vela 傳給您的連結碼，貼在下方。","",""
"430","Organiser app","","Open Vela on Telegram","在 Telegram 打開 Vela","",""
"431","Organiser app","","Opening the book…","正在打開故事書…","",""
"432","Organiser app","","Option {number}","選項 {number}","",""
"433","Organiser app","","Optional calling number · {name}","電話號碼（可不填）· {name}","",""
"434","Organiser app","","or $9.99 a month · a second person +50%","或每月 9.99 美元 · 第二位 +50%","",""
"435","Organiser app","","Or say it in your own words","或用您自己的話說","",""
"436","Organiser app","","Or write your own","或自己寫一個","",""
"437","Organiser app","","organiser","發起人","",""
"438","Organiser app","","Pacific","太平洋時間","",""
"439","Organiser app","","Pause","暫停","",""
"440","Organiser app","","Pause voice","暫停語音","",""
"441","Organiser app","","paused","暫停中","",""
"442","Organiser app","","Paused · {plan}","暫停中 · {plan}","",""
"443","Organiser app","","People nearby","附近的聯絡人","",""
"444","Organiser app","","Perth","伯斯","",""
"445","Organiser app","","Philippines","菲律賓","",""
"446","Organiser app","","Phone number","手機號碼","",""
"447","Organiser app","","Photo","照片","",""
"448","Organiser app","","Photo {number}","照片 {number}","",""
"449","Organiser app","","Photo in the family group","照片在家人群組裡","",""
"450","Organiser app","","Photos are not switched on here yet.","這裡還沒有開啟照片功能。","",""
"451","Organiser app","","picked a photo","選了一張照片","",""
"452","Organiser app","","picked photo {number}","選了第 {number} 張照片","",""
"453","Organiser app","","Pilot setup could not be reached just now.","暫時無法取得試辦設定。","",""
"454","Organiser app","","Preparing…","準備中…","",""
"455","Organiser app","","Privacy and help","隱私與協助","",""
"456","Organiser app","","quiet","比較安靜","",""
"457","Organiser app","","Quiet notices with the people nearby · away mode · the weekly read · memory and reminders · the family book to keep","安靜通知與附近的聯絡人 · 外出模式 · 每週小記 · 記事與提醒 · 可以保存的家族故事書","",""
"458","Organiser app","","Read the family book","看家庭故事書","",""
"459","Organiser app","","Read the privacy notice","閱讀隱私權告知事項","",""
"460","Organiser app","","Read this aloud","唸給我聽","",""
"461","Organiser app","","Reading what this phone allows…","正在讀取這支手機的通知設定…","",""
"462","Organiser app","","Record again","重新錄音","",""
"463","Organiser app","","Recording your hello… {time} of 0:10","正在錄您的問候… {time}，最長 0:10","",""
"464","Organiser app","","Recording your voice note… {time} of 0:10","正在錄語音… {time}，最長 0:10","",""
"465","Organiser app","","Recording… {time}","錄音中… {time}","",""
"466","Organiser app","","Remind me to ask how it went","之後提醒我問問看","",""
"467","Organiser app","","Remove","移除","",""
"468","Organiser app","","Remove {who}","移除{who}","",""
"469","Organiser app","","Remove calling number","移除電話號碼","",""
"470","Organiser app","","Replace","換一張","",""
"471","Organiser app","","Reply","回覆","",""
"472","Organiser app","","resting","休息中","",""
"473","Organiser app","","Resume","恢復","",""
"474","Organiser app","","Retry saved ask","重新送出已保存的提問","",""
"475","Organiser app","","Retry saved reply","重新送出已保存的回覆","",""
"476","Organiser app","","Rice porridge","稀飯","",""
"477","Organiser app","","Russia","俄羅斯","",""
"478","Organiser app","","Said no","已拒絕","",""
"479","Organiser app","","said she is fine","說自己很好","",""
"480","Organiser app","","Said yes","已同意","",""
"481","Organiser app","","Save calling number","儲存電話號碼","",""
"482","Organiser app","","Saving…","儲存中…","",""
"483","Organiser app","","Say it the way you would say it","用您平常說話的方式寫","",""
"484","Organiser app","","Say something short","寫一句簡短的話","",""
"485","Organiser app","","See Vela Light","看看 Vela Light","",""
"486","Organiser app","","Send","傳送","",""
"487","Organiser app","","Send it to her","傳給這位家人","",""
"488","Organiser app","","Send me a code","傳驗證碼給我","",""
"489","Organiser app","","Send my answer","送出我的回答","",""
"490","Organiser app","","Send photo","送出照片","",""
"491","Organiser app","","Send voice reply","送出語音回覆","",""
"492","Organiser app","","Sending…","傳送中…","",""
"493","Organiser app","","sent a heart","送上一顆愛心","",""
"494","Organiser app","","sent a photo","傳了一張照片","",""
"495","Organiser app","","sent a sticker","傳了一張貼圖","",""
"496","Organiser app","","sent a voice message","傳了一則語音訊息","",""
"497","Organiser app","","Set it up","開始設定","",""
"498","Organiser app","","Set up this phone for {name}","把這支手機設定給{name}","",""
"499","Organiser app","","Setting up your family…","正在設定您的家庭…","",""
"500","Organiser app","","Setting up…","設定中…","",""
"501","Organiser app","","She answers on LINE, in Vela's chat.","長輩在 LINE 上 Vela 的聊天室回覆。","",""
"502","Organiser app","","She answers on Telegram, in Vela's chat.","長輩在 Telegram 上 Vela 的聊天室回覆。","",""
"503","Organiser app","","She has not answered yet, so there is nothing to reply to.","這位家人還沒有回覆，所以目前沒有可以回應的內容。","",""
"504","Organiser app","","She hears it in her read-back tomorrow morning.","這位家人明天早上會在早安訊息裡看到。","",""
"505","Organiser app","","She is never letting that go","媽媽會把這件事念一輩子","",""
"506","Organiser app","","She lives in","這位家人住在","",""
"507","Organiser app","","She may have blocked Vela's chat or changed phones. Until then her mornings cannot reach her, and nobody is told they went quiet. Ask her to open Vela's chat on {channel} and tap Start or Unblock, and her mornings come back.","對方可能封鎖了 Vela 的聊天室，或換了手機。在那之前，每天早上的訊息送不到對方手上，也不會有人收到安靜通知。請對方在{channel}打開 Vela 的聊天室，點「開始」或「解除封鎖」，早上的訊息就會恢復。","",""
"508","Organiser app","","She reads","這位家人看的語言","",""
"509","Organiser app","","She told you about the garden on three mornings: the tomatoes, the seeds, the new bed by the fence.","媽媽有三個早上跟你們聊到菜園：番茄、種子，還有籬笆旁新整的那一畦。","",""
"510","Organiser app","","She usually wakes at","這位家人通常起床的時間","",""
"511","Organiser app","","Short answers she can tap, from two to seven.","可以直接點選的簡短答案，兩到七個。","",""
"512","Organiser app","","Show originals","顯示原文","",""
"513","Organiser app","","Show test sign-in details","顯示測試登入資訊","",""
"514","Organiser app","","Show translations","顯示翻譯","",""
"515","Organiser app","","Sign in as family","以家人身分登入","",""
"516","Organiser app","","Sign in to connect your family.","登入後即可連結您的家庭。","",""
"517","Organiser app","","Sign out","登出","",""
"518","Organiser app","","Sign-out did not finish. You are still signed in. Try again.","登出沒有完成，您仍在登入狀態。請再試一次。","",""
"519","Organiser app","","Signing in with a number is not open yet. Use your email instead.","目前還不能用手機號碼登入，請改用電子郵件。","",""
"520","Organiser app","","Signing out…","正在登出…","",""
"521","Organiser app","","Singapore","新加坡","",""
"522","Organiser app","","Six digits, good for ten minutes.","六位數字，十分鐘內有效。","",""
"523","Organiser app","","Skip for now","先跳過","",""
"524","Organiser app","","Someone said {name} is fine. Everyone who was told has heard.","有人說{name}沒事。收到通知的每個人都已經知道了。","",""
"525","Organiser app","","Someone who could look in, if it goes quiet","安靜的日子裡，可以過去看看的人","",""
"526","Organiser app","","Something to ask next week","下週可以問問看","",""
"527","Organiser app","","Something was wrong in {wrong} of {notices}.","{notices}則中有{wrong}則真的有狀況。","",""
"528","Organiser app","","South Korea","韓國","",""
"529","Organiser app","","Spain","西班牙","",""
"530","Organiser app","","Start the 30 days","開始 30 天試用","",""
"531","Organiser app","","Starting…","正在開啟…","",""
"532","Organiser app","","Stay","留下","",""
"533","Organiser app","","Stop","停止","",""
"534","Organiser app","","Story day · {day}","故事日 · {day}","",""
"535","Organiser app","","Story of the week","本週的故事","",""
"536","Organiser app","","Sunday","星期日","",""
"537","Organiser app","","Sunday","週日","",""
"538","Organiser app","","Sydney","雪梨","",""
"539","Organiser app","","Taiwan","台灣","",""
"540","Organiser app","","Take it back","收回","",""
"541","Organiser app","","Take this story out of the book","把這個故事從書中移除","",""
"542","Organiser app","","tapped an answer","選了一個回答","",""
"543","Organiser app","","Telegram could not open. Copy this link into Telegram or your browser.","無法打開 Telegram。請把這個連結複製到 Telegram 或瀏覽器。","",""
"544","Organiser app","","Thailand","泰國","",""
"545","Organiser app","","Thank you. Mia knows you're fine.","謝謝您。Mia 知道您一切都好。","",""
"546","Organiser app","","Thank you. That helps Vela tell quiet mornings apart.","謝謝您，這能幫助 Vela 分辨各種安靜的早晨。","",""
"547","Organiser app","","That account cannot receive a code yet.","這個帳號目前還無法接收驗證碼。","",""
"548","Organiser app","","That action did not go through. Try again, or contact the person directly.","這個動作沒有完成。請再試一次，或直接聯絡對方。","",""
"549","Organiser app","","That change did not go through. Try again.","這項變更沒有完成，請再試一次。","",""
"550","Organiser app","","That code did not connect a family. Use the code from the Telegram account that belongs to your approved pilot family.","這個連結碼沒有連到任何家庭。請使用已加入您那個獲准試辦家庭的 Telegram 帳號所收到的連結碼。","",""
"551","Organiser app","","That code did not work. Ask for a new one.","這組驗證碼無法使用。請重新索取一組。","",""
"552","Organiser app","","That code was right, but this account needs more than that to finish.","驗證碼正確，但這個帳號還需要其他步驟才能完成登入。","",""
"553","Organiser app","","That connection did not go through. Check the code and Telegram account, then try again.","連結沒有完成。請檢查連結碼和 Telegram 帳號後再試一次。","",""
"554","Organiser app","","That could not be saved just now. Nothing was lost; try again.","目前無法儲存。內容都還在，請再試一次。","",""
"555","Organiser app","","That could not be saved just now. Try again in a moment.","暫時無法儲存，請稍後再試。","",""
"556","Organiser app","","That could not be sent just now. Try again in a moment.","暫時無法送出，請稍後再試。","",""
"557","Organiser app","","That could not be sent just now. Your words are kept.","目前無法傳送。您寫的內容都還在。","",""
"558","Organiser app","","That did not go through. Try again in a moment.","沒有成功。請稍後再試一次。","",""
"559","Organiser app","","That did not work. Check it and try again.","沒有成功。請檢查後再試一次。","",""
"560","Organiser app","","That does not look like a number in {where}. Check the country and the number.","這看起來不像是{where}的號碼。請檢查國家和號碼。","",""
"561","Organiser app","","That does not look like an email address.","這看起來不像是電子郵件地址。","",""
"562","Organiser app","","That exchange is not here.","找不到這則問答。","",""
"563","Organiser app","","That link could not open. Use the address above to contact the founder.","無法打開這個連結。請使用上方的地址聯絡創辦人。","",""
"564","Organiser app","","That photo could not be sent just now. It is kept to send again.","這張照片暫時無法送出，已為您保留，可以再送一次。","",""
"565","Organiser app","","That photo could not be used. Try another one.","這張照片無法使用，請換一張。","",""
"566","Organiser app","","That photo did not go up. Try again.","這張照片沒有傳上去，請再試一次。","",""
"567","Organiser app","","That photo is no longer here. Choose it again.","這張照片已經不在了，請重新選擇。","",""
"568","Organiser app","","That recording did not save. Try again.","這段錄音沒有存好，請再錄一次。","",""
"569","Organiser app","","That story could not be removed. Try again.","無法移除這個故事，請再試一次。","",""
"570","Organiser app","","That took too long to check. Try the code again.","確認的時間太久了。請再輸入一次驗證碼。","",""
"571","Organiser app","","That voice could not be opened. Try again in a moment.","無法打開這段語音，請稍後再試。","",""
"572","Organiser app","","That voice could not be sent just now. It is kept to send again.","這段語音暫時無法送出，已為您保留，可以再送一次。","",""
"573","Organiser app","","The 30 days start after {name}'s first answer.","30 天會從{name}第一次回覆之後開始。","",""
"574","Organiser app","","The app's words. Her mornings keep the language she reads.","這是 App 顯示的語言。早安訊息仍然使用這位家人閱讀的語言。","",""
"575","Organiser app","","The bot check did not finish. Try again in a moment.","人機驗證沒有完成。請稍後再試一次。","",""
"576","Organiser app","","The Chens","陳家","",""
"577","Organiser app","","The daily ask, the exchanges, turns, translation, story day, everyone in the family.","每天的提問、問答、輪流提問、翻譯、故事日，還有家裡的每一個人。","",""
"578","Organiser app","","The exchanges could not be reached just now.","目前無法載入問答。","",""
"579","Organiser app","","The family book","家庭故事書","",""
"580","Organiser app","","The family book could not be reached just now.","暫時無法開啟家庭故事書。","",""
"581","Organiser app","","The family book fills with the stories she tells on story day.","故事日說出的故事會收進家庭故事書。","",""
"582","Organiser app","","The family found {found} of {verdicts} useful.","家人覺得{verdicts}則中有{found}則有幫助。","",""
"583","Organiser app","","The family sees it here. She will not hear it: her mornings read back only her latest day.","家人會在這裡看到。這位家人不會收到：早安訊息只會回顧最近一天的回覆。","",""
"584","Organiser app","","The family's organisers choose the people nearby.","附近的聯絡人由這個家庭的發起人選定。","",""
"585","Organiser app","","The free English pilot starts with the founder setting up your family on Telegram. Connect that same family here to ask and reply on your iPhone.","免費的英語試辦，會先由創辦人在 Telegram 上幫您設定家庭。在這裡連結同一個家庭，就能用 iPhone 提問和回覆。","",""
"586","Organiser app","","The invite could not be shared. Try Ask on Telegram again; nobody has been contacted.","無法分享邀請。請再試一次「在 Telegram 上問」；目前沒有聯絡任何人。","",""
"587","Organiser app","","The light is ready","燈已經準備好了","",""
"588","Organiser app","","The number could not be saved or removed. Try again.","無法儲存或移除號碼，請再試一次。","",""
"589","Organiser app","","The people nearby are part of Vela Light: they appear in the quiet notice, with Call.","附近的聯絡人是 Vela Light 的一部分：安靜通知裡會列出對方，並可直接撥打電話。","",""
"590","Organiser app","","The people nearby could not be reached just now.","暫時無法取得附近的聯絡人。","",""
"591","Organiser app","","The photo you chose","您選的照片","",""
"592","Organiser app","","The picked photo","選中的照片","",""
"593","Organiser app","","The pilot is free. No payment or card is required. Your family’s asks, replies, quiet notices and weekly read continue throughout the pilot.","試辦免費，不需要付款，也不需要信用卡。試辦期間，家人的提問、回覆、安靜通知和每週小記都會照常進行。","",""
"594","Organiser app","","The quiet notice could not be reached just now. Contact your parent directly if you are concerned.","暫時無法取得安靜通知。如果您擔心，請直接聯絡您的父母。","",""
"595","Organiser app","","The send could not be confirmed. Retry the saved attempt to finish the same send.","無法確認是否已送出。請重試已保存的那一次，完成同一次傳送。","",""
"596","Organiser app","","The tomatoes finally turned. I picked three before breakfast and left them on the sill.","番茄終於紅了。早餐前我摘了三顆，放在窗台上。","",""
"597","Organiser app","","The voice is still being prepared. Try again shortly.","語音還在準備中，請稍後再試。","",""
"598","Organiser app","","The weekly read could not be reached just now.","現在暫時無法取得每週小記。","",""
"599","Organiser app","","The weekly read goes to the family's organisers.","每週小記會寄給這個家庭的發起人。","",""
"600","Organiser app","","The weekly read starts once she has said yes and had a week of mornings.","等家人答應、也過了一週的早上之後，每週小記就會開始。","",""
"601","Organiser app","","Their name","對方的名字","",""
"602","Organiser app","","This account already runs a family.","這個帳號已經有一個家庭了。","",""
"603","Organiser app","","This build has no sign-in configured, so it shows example days.","這個版本沒有設定登入，所以顯示的是範例內容。","",""
"604","Organiser app","","This connection expired. Create a new one and use its new code.","這個連結已經失效。請建立新的連結，使用新的連結碼。","",""
"605","Organiser app","","This device cannot share from here. Copy the words above and send them to her yourself.","這台裝置無法從這裡分享。請複製上面的文字，自己傳給這位家人。","",""
"606","Organiser app","","This iPhone could not keep a draft. Leave this screen open until your send succeeds.","這支 iPhone 無法保存草稿。請保持這個畫面開著，直到送出成功。","",""
"607","Organiser app","","This is the example family, so nobody left.","這是範例家庭，所以沒有人離開。","",""
"608","Organiser app","","This is your own morning; replies are for the family.","這是您自己的早安訊息；回覆是給家人的。","",""
"609","Organiser app","","This page could not be reached just now.","目前無法開啟這一頁。","",""
"610","Organiser app","","This page is for the family's organisers, who are told of quiet mornings.","這一頁是給這個家庭的發起人看的，早上比較安靜時，Vela 會通知發起人。","",""
"611","Organiser app","","This phone","這支手機","",""
"612","Organiser app","","This phone becomes {name}'s: large words, one message at a time, her answers with a tap or in her own words. You are signed out of it, and she needs no account.","這支手機會變成{name}專用：字很大，一次只有一則訊息，點一下或用自己的話就能回覆。您會從這支手機登出，{name}不需要任何帳號。","",""
"613","Organiser app","","This phone could not be set up for notifications just now. It tries again the next time you open the app.","目前無法為這支手機設定通知。下次開啟 App 時會再試一次。","",""
"614","Organiser app","","This phone is not set up for Vela any more. Ask your family to set it up again.","這支手機已經不再設定給 Vela 了。請家人重新設定。","",""
"615","Organiser app","","This photo could not be used. Choose another.","這張照片無法使用，請換一張。","",""
"616","Organiser app","","This voice is no longer available.","這段語音已經無法使用。","",""
"617","Organiser app","","Those are the ones from the seeds you saved","那些就是您留下來的種子種出來的","",""
"618","Organiser app","","Tips","小叮嚀","",""
"619","Organiser app","","To answer with your voice, Vela needs the microphone. Ask your family to turn it on in Settings.","要用聲音回答，Vela 需要使用麥克風。請家人幫您在「設定」裡打開。","",""
"620","Organiser app","","Toast and tea","吐司配茶","",""
"621","Organiser app","","Today","今天","",""
"622","Organiser app","","Today","今天","",""
"623","Organiser app","","Today could not be reached just now.","目前無法載入今天的內容。","",""
"624","Organiser app","","Today's ask reached {name} at {time}, and again at {timeAgain}.","今天的提問在 {time} 送到{name}那裡，{timeAgain} 又送了一次。","",""
"625","Organiser app","","Today's ask reached {name} at {time}.","今天的提問在 {time} 送到{name}那裡。","",""
"626","Organiser app","","Today's ask reached {name} at 8:00, and again at 11:00.","今天的提問在 08:00 送到{name}那裡，11:00 又送了一次。","",""
"627","Organiser app","","Tomorrow","明天","",""
"628","Organiser app","","Tomorrow · {by} asked {recipient}","明天 · {by}已向{recipient}提問","",""
"629","Organiser app","","Tomorrow · {name}'s turn to ask {recipient}","明天 · 輪到{name}問{recipient}","",""
"630","Organiser app","","Tomorrow · {recipient}","明天 · {recipient}","",""
"631","Organiser app","","Tomorrow · your turn to ask {recipient}","明天 · 輪到您問{recipient}","",""
"632","Organiser app","","Tomorrow morning","明天早上","",""
"633","Organiser app","","Too many photos for now. Try again later.","目前照片太多了，請稍後再試。","",""
"634","Organiser app","","Too many photos for now. Try again tomorrow.","目前照片太多了，請明天再試。","",""
"635","Organiser app","","Try again","再試一次","",""
"636","Organiser app","","Turn on","開啟","",""
"637","Organiser app","","Turn on notifications","開啟通知","",""
"638","Organiser app","","Turn on notifications, and this phone tells you if her morning goes quiet, and when she answers what you asked.","開啟通知後，如果這位家人的早上比較安靜，或是回覆了您的提問，這支手機都會通知您。","",""
"639","Organiser app","","Two people nearby is the most.","附近的聯絡人最多兩位。","",""
"640","Organiser app","","Two people nearby is the most. Remove one to add someone else.","附近的聯絡人最多兩位。請先移除一位，再加入其他人。","",""
"641","Organiser app","","Two photos","兩張照片","",""
"642","Organiser app","","Type your email, and we send you a code.","輸入您的電子郵件，我們會寄驗證碼給您。","",""
"643","Organiser app","","UK","英國","",""
"644","Organiser app","","Ukraine","烏克蘭","",""
"645","Organiser app","","United Kingdom","英國","",""
"646","Organiser app","","United States","美國","",""
"647","Organiser app","","Until","到","",""
"648","Organiser app","","Until she's back","直到回來","",""
"649","Organiser app","","Up to two people who could look in if a morning goes quiet: a neighbour, a friend downstairs. Vela asks each of them first, and nobody hears from Vela until then.","最多兩位住在附近、在早上安靜時可以過去看看的人：例如鄰居、樓下的朋友。Vela 會先徵求每一位的同意，在那之前，沒有人會收到 Vela 的訊息。","",""
"650","Organiser app","","Up to two people who live close to {name} and could look in if a morning goes quiet. Send each one a link with Ask on Telegram: Vela writes to them only once they open it, and asks them in your name. Until they say yes, you can call them yourself.","最多兩位住在{name}附近、如果哪天早上比較安靜可以過去看看的人。用「在 Telegram 上問」傳連結給每一位：只有在對方打開連結後，Vela 才會以您的名義傳訊息問對方。在對方同意之前，您可以自己打電話給對方。","",""
"651","Organiser app","","Updated {time}","更新於 {time}","",""
"652","Organiser app","","Uploading {percent}%","正在上傳 {percent}%","",""
"653","Organiser app","","Use my email instead","改用我的電子郵件","",""
"654","Organiser app","","Use something else","改用其他方式","",""
"655","Organiser app","","Use this","用這個","",""
"656","Organiser app","","Use this suggestion","使用這個建議","",""
"657","Organiser app","","Usually answers by {time}","通常在 {time} 前回覆","",""
"658","Organiser app","","Vela cannot reach {name} on {channel}","Vela 無法在{channel}上聯絡到{name}","",""
"659","Organiser app","","Vela does not send notifications from here yet.","Vela 目前還不會從這裡傳送通知。","",""
"660","Organiser app","","Vela Light · for {name}","Vela Light · 給{name}","",""
"661","Organiser app","","Vela Light · payment due","Vela Light · 待付款","",""
"662","Organiser app","","Vela Light is on for {name} until {date}. Nothing is charged, and no card was asked for.","{name}的 Vela Light 已開啟，到 {date}為止。不收任何費用，也沒有要求提供信用卡。","",""
"663","Organiser app","","Vela Light is on for {name}.","{name}的 Vela Light 已開啟。","",""
"664","Organiser app","","Vela Light shows you the read","Vela Light 會讓您看到完整小記","",""
"665","Organiser app","","Vela Light trial","Vela Light 試用","",""
"666","Organiser app","","Vela Light trial · ends {date}","Vela Light 試用 · {date}結束","",""
"667","Organiser app","","Vela needs the microphone for a voice hello. You can allow it in Settings.","錄語音問候需要使用麥克風，您可以在「設定」中允許。","",""
"668","Organiser app","","Vela needs the microphone for a voice reply. You can allow it in Settings.","語音回覆需要使用麥克風，您可以在「設定」中允許。","",""
"669","Organiser app","","Vela pilot","Vela 試辦","",""
"670","Organiser app","","Vela shows a month once it has at least {notices} notices from {families} families, so no one family's morning can be read out of it.","一個月要至少有來自{families}個家庭的{notices}則通知，Vela 才會顯示，這樣就看不出任何一個家庭的早上。","",""
"671","Organiser app","","Vela suggests","Vela 的建議","",""
"672","Organiser app","","Vela suggests · from her own words","Vela 的建議 · 取自這位家人說過的話","",""
"673","Organiser app","","Vietnam","越南","",""
"674","Organiser app","","Voice hello, {time}. It plays before your ask.","語音問候，共 {time}。會在您的提問之前播放。","",""
"675","Organiser app","","Voice note, {time}. She hears it in her morning.","語音，{time}。早上會播給對方聽。","",""
"676","Organiser app","","voted","投了票","",""
"677","Organiser app","","Wait 2 hours","再等 2 小時","",""
"678","Organiser app","","waiting for her yes","等待同意","",""
"679","Organiser app","","Waiting for today to arrive. Your words are kept.","正在載入今天的資料。您寫的內容都還在。","",""
"680","Organiser app","","Waiting two hours. You will hear again at 13:00 if it is still quiet.","會再等 2 小時。到時候如果還是比較安靜，13:00 會再通知您。","",""
"681","Organiser app","","Waiting until {time}. You will hear again then if it is still quiet.","會等到 {time}。到時候如果還是比較安靜，會再通知您。","",""
"682","Organiser app","","Was this notice useful?","這則通知有幫助嗎？","",""
"683","Organiser app","","We sent a code to {sentTo}.","我們已經把驗證碼傳到 {sentTo}。","",""
"684","Organiser app","","We sent a code to your email.","我們已經把驗證碼寄到您的電子信箱。","",""
"685","Organiser app","","We will text {phone}.","我們會傳簡訊到 {phone}。","",""
"686","Organiser app","","What {name} told you this week, what came up twice, and something to ask her next. The first 30 days are free.","{name}這週跟您說了什麼、哪些事提了兩次，以及下次可以問{name}什麼。前 30 天免費。","",""
"687","Organiser app","","What are you looking forward to this week?","這週有什麼讓您期待的事嗎？","",""
"688","Organiser app","","What are you sending?","您要傳什麼？","",""
"689","Organiser app","","What did the garden look like this morning?","今天早上花園看起來怎麼樣？","",""
"690","Organiser app","","What did you have for breakfast?","您早餐吃了什麼？","",""
"691","Organiser app","","What seeds did you save from last year's garden?","去年花園裡的種子，您留下了哪些？","",""
"692","Organiser app","","What should {name}'s first morning ask?","{name}的第一個早上要問什麼？","",""
"693","Organiser app","","What the family said","家人說了什麼","",""
"694","Organiser app","","What the family sees about you","家人看得到您的哪些資訊","",""
"695","Organiser app","","What was your favourite meal as a child?","您小時候最喜歡吃什麼？","",""
"696","Organiser app","","What you send her","您要傳給這位家人的內容","",""
"697","Organiser app","","When","什麼時候","",""
"698","Organiser app","","When a morning goes quiet","早上比較安靜時","",""
"699","Organiser app","","When a morning stays quiet, Vela tells you. Here is how those notices ended. Most end with an answer that came later, or a day away.","早上一直很安靜時，Vela 會通知您。這裡是那些通知最後的結果。大多數是稍晚才回覆，或那天正好外出。","",""
"700","Organiser app","","When she answers what you asked, and the evening before your turn.","家人回覆您的提問時，以及輪到您提問的前一晚。","",""
"701","Organiser app","","When you are with {name}, sign in to Vela on her phone and set it up there. Her phone then shows one message at a time in large words, and asks her first; nothing reaches her until she says yes.","和{name}在一起時，在長輩的手機上登入 Vela 並完成設定。之後那支手機一次只顯示一則大字訊息，並先徵求對方同意；對方答應之前，不會收到任何訊息。","",""
"702","Organiser app","","Whenever","哪天都可以","",""
"703","Organiser app","","Which one do you like more?","您比較喜歡哪一張？","",""
"704","Organiser app","","Which one of us did you teach to make the pies?","您當初是教我們哪一個做派的？","",""
"705","Organiser app","","Who are you keeping a light on for?","您要為誰留一盞燈？","",""
"706","Organiser app","","Who lives close to {name}?","誰住在{name}附近？","",""
"707","Organiser app","","With your light on, they also see whether you answered each morning and when, and are told if it stays quiet.","您的燈亮著時，家人也會看到您每天早上有沒有回覆、幾點回覆；如果一直很安靜，家人也會收到通知。","",""
"708","Organiser app","","Write your own question","自己寫一個問題","",""
"709","Organiser app","","Yes, this is {name}'s phone","是的，這是{name}的手機","",""
"710","Organiser app","","Yes, useful","有，很有幫助","",""
"711","Organiser app","","Yesterday","昨天","",""
"712","Organiser app","","You","我","",""
"713","Organiser app","","You","我","",""
"714","Organiser app","","You are paused: no turns come to you, and you are not told if it goes quiet.","您目前暫停中：不會輪到您提問，安靜的日子也不會通知您。","",""
"715","Organiser app","","You are paused: no turns come to you.","您目前暫停中：不會輪到您提問。","",""
"716","Organiser app","","You are signed in to Vela.","您已登入 Vela。","",""
"717","Organiser app","","You are the only organiser who is active, and an organiser who is away is not told if it goes quiet. Someone else who organises the family has to be active first.","目前只有您一位發起人在使用中，而暫停的發起人在安靜的日子不會收到通知。必須先有這個家庭的另一位發起人在使用中。","",""
"718","Organiser app","","You can also do it later, from You → Her phone.","也可以之後再設定：我 → 長輩的手機。","",""
"719","Organiser app","","You can reply once she has answered.","等這位家人回覆之後，您就可以回應。","",""
"720","Organiser app","","You need","材料","",""
"721","Organiser app","","You said {name} is fine. Nothing else was sent.","您說{name}沒事。沒有再傳送其他訊息。","",""
"722","Organiser app","","You will stop seeing the family's days and taking turns. Thirty days on, what is kept about you is deleted.","您將不再看到家人的日常，也不會再輪流提問。三十天後，保存的關於您的資料會被刪除。","",""
"723","Organiser app","","Your answer, {time} long.","您的回答，共 {time}。","",""
"724","Organiser app","","Your country","您的國家","",""
"725","Organiser app","","Your family","您的家庭","",""
"726","Organiser app","","Your family could not be reached just now.","目前無法載入您的家庭。","",""
"727","Organiser app","","Your light is off, so nothing about your mornings is shown.","您的燈沒有亮著，所以不會顯示任何關於您早上的內容。","",""
"728","Organiser app","","Your light is paused from your own chat, where your mornings arrive.","您的燈要從您自己的聊天室暫停，也就是您收到早安訊息的地方。","",""
"729","Organiser app","","Your mobile number. The country code is added for you.","您的手機號碼。國碼會自動幫您加上。","",""
"730","Organiser app","","Your morning message","您的早晨訊息","",""
"731","Organiser app","","Your name, as the family says it.","您的名字，用家人平常的叫法。","",""
"732","Organiser app","","Your name, the asks you write, and your replies.","您的名字、您寫的提問，以及您的回覆。","",""
"733","Organiser app","","Your own light","您自己的燈","",""
"734","Organiser app","","Your parent can ask “what does the family see” in their own Telegram chat. Health-word sharing is their separate choice, and saying stop pauses their light.","您的父母可以在自己的 Telegram 聊天室裡問「家人看到什麼」。是否轉告身體狀況由長輩另外決定，說「停止」就會暫停長輩的燈。","",""
"735","Organiser app","","Your pilot is free. Quiet notices and important updates arrive in the organiser’s private Telegram chat.","試辦免費。安靜通知和重要訊息會送到發起人的 Telegram 私人聊天室。","",""
"736","Organiser app","","Your question for {name}","想問{name}的問題","",""
"737","Organiser app","","Your voice reply, {time} long.","您的語音回覆，共 {time}。","",""
